Handle,Display Name,DID,Follows Me
1kzz.bsky.social,ùô† Ã∂ùôØ Ã∂.‚Ä¢üçÅ,did:plc:v4maxlmza5pfdbvuxokq7vrl,False
lexusvnexus.bsky.social,LexusNexus,did:plc:oh55b34dlwjph7nmbtjucjcf,True
paisleybearx.bsky.social,Paisley,did:plc:hacmxqdtjnu3qwkicpmszjzh,False
jen23qw2.bsky.social,Jenny_BEE,did:plc:sewbj37aj6reycz4ojdtgpvs,False
soozuk.bsky.social,Sooz Kempner,did:plc:ifpzbxv4tqigkw66tz4yrojt,False
rob1davis.bsky.social,Rob Davis,did:plc:hflyoyyc73lxooso6rc6spyf,False
kumail.bsky.social,Kumail Nanjiani,did:plc:gocmmddhwq22kyammex4ixfm,False
diedrichbader.bsky.social,Diedrich Bader,did:plc:dsluo4ff7pw2qw2vvbd4rlk3,False
gregproops.bsky.social,Greg Proops,did:plc:tswpoexmgyetno3n2jivurnl,False
joewalsh.bsky.social,Joe Walsh,did:plc:yyhgpr3ndswwjfhpw3bukcbs,False
johncusack.bsky.social,John Cusack,did:plc:sxuckgrlkb4n5jfjhzbkwy5e,False
michaelianblack.bsky.social,Michael Ian Black,did:plc:bj26dh6prgrujxowl6zoceh3,False
hodgman.bsky.social,John Hodgman,did:plc:7334ydaavuvnqifa7gyct7sc,False
johngreensbluesky.bsky.social,John Green,did:plc:wwtm5peukhmsjizz3vjkkuxb,False
vancityreynolds.bsky.social,Ryan Reynolds,did:plc:ox4dnvjhgnx3rvzshbtgmd6f,False
flavorflav.bsky.social,FLAVOR FLAV ‚è∞,did:plc:4ewnpnebeh7zuk5pbardaxqz,False
robdelaney.bsky.social,Rob Delaney,did:plc:lwscu2zqmpig5unnpey25ylt,False
petersagal.bsky.social,Peter Sagal,did:plc:4vrssqepg6uj4tj5us7tnfgt,False
chuckwendig.bsky.social,Chuck Wendig,did:plc:evum3ztvjvpmuc72fd5lhvjd,False
kenjennings.bsky.social,Ken Jennings,did:plc:zbrhmanjs62oyqywjwdazxz3,False
jimmykimmel.bsky.social,Jimmy Kimmel,did:plc:kosjh7qmi6nvwgueswipsapj,False
paulscheer.com,Paul Scheer,did:plc:voly5c7kqgq6lezsil5rjykq,False
jimmyfallon.bsky.social,Jimmy Fallon,did:plc:liq6fguhetsghzyo4cmv5zd4,False
mrrickygervais.bsky.social,Ricky Gervais,did:plc:ftlads4suevqgdni4hxjmawj,False
galeannehurd.bsky.social,Gale Anne Hurd ,did:plc:yu5ssvarf6pamcr2ufvbahqy,False
mariabamford.bsky.social,Maria Bamford,did:plc:o4ej2n6h4fmlwqpevo544ill,False
jordanklepper.bsky.social,Jordan Klepper,did:plc:uyvymakdputvl4elaol5twh2,False
hughhowey.com,Hugh Howey ,did:plc:hhds5cxbf76lbgwk5tl27w4o,False
johnleguizamo.bsky.social,John Leguizamo,did:plc:al3j5igj4jsp75wbbdxtfwml,False
markruffalo.bsky.social,Mark Ruffalo,did:plc:2pdwbxbjzxvkkz6qyxs5rvnx,False
levarburton.bsky.social,LeVar Burton,did:plc:2xslipmnvjxwl64x52l3zmdy,False
quintabrunson.bsky.social,Quinta Brunson,did:plc:rnpfw224gmkxpnhxa4px76ay,False
joshuamalina.bsky.social,Joshua Malina,did:plc:6ohkbqtpofowc23cjirx7bv3,False
busyphilipps.bsky.social,Busy Philipps,did:plc:yi6s6y3x3mpr44ajau4kbgyu,False
hwinkler4real.bsky.social,Henry Winkler,did:plc:7fudodup2d7lqok6v5kgbz5g,False
drewfromtv.bsky.social,Drew Carey,did:plc:cjt246y2cle45wevixzlxbxj,False
lyndacarter.bsky.social,Lynda Carter,did:plc:w3sbvfsdqmbzf4yq4okcifww,False
bradleywhitford.bsky.social,Bradley Whitford ,did:plc:bfcpzcdnsmq2rhh5jkjmlz4u,False
miafarrow.bsky.social,Mia Farrow ,did:plc:jrdunuv53kpblscdnseuzmca,False
johnfugelsang.bsky.social,John Fugelsang,did:plc:aslw5awiodzplmvzhbysxuwp,False
morgfair.bsky.social,@morgfair.bsky.social,did:plc:rtaznoorgjg2jyg3wur4dliq,False
ynb.bsky.social,Yvette Nicole Brown,did:plc:jgjblhaivojvvlqde46qejq3,False
kathygriffin.bsky.social,Kathy Griffin,did:plc:f3hv56gvg32pbcjslk7dixvb,False
neildegrassetyson.com,Neil deGrasse Tyson,did:plc:5qgk3t63cljskprqxedsny6d,False
stephencolbert.bsky.social,Stephen Colbert,did:plc:oywrlvfz7r6xosgcftzj3kci,False
mjmckean.bsky.social,Michael McKean,did:plc:47qqjakhk5tmvfqkavo7cl7g,False
pftompkins.bsky.social,Paul F. Tompkins,did:plc:kba5ra5zizxsey2nq4pwnove,False
dionnewarwick.bsky.social,Dionne Warwick,did:plc:kq46rduq7o6b4sqteov72e3l,False
jerilryan.bsky.social,Jeri Ryan (official account),did:plc:fgxcknpm4lhmzizgyqq73bo6,False
alexwinter.com,Alex Winter,did:plc:4346ggm37cztthfhreztespj,False
stephenking.bsky.social,Stephen King,did:plc:h7obn4tkp47wn7gqh4oe5eij,False
jamesgunn.bsky.social,James Gunn,did:plc:lotavzt36yanhfy3j3gpysyj,False
iandc83.bsky.social,Lankyian83,did:plc:4whk3yrb6xcnikn6gr6jehc4,False
arozenshtein.bsky.social,Alan Rozenshtein,did:plc:tioszw5tu2l7drrn7ifkqjrb,False
rosenzweigp.bsky.social,Paul Rosenzweig ,did:plc:rw2f5q5qmscsr5k4adslkdb7,False
rparloff.bsky.social,Roger Parloff,did:plc:vrmx2e5gsi23srsy2n7vljvb,False
eugenia.bsky.social,Eugenia Lostri,did:plc:pb5657jkqfohqjyxpgbjqhr4,False
annahickey.bsky.social,Anna Hickey,did:plc:in3haeaogl3gwsym4ozfbrge,False
sranderson.bsky.social,Scott R. Anderson,did:plc:ai6qpsuzvcxa5k4wmcsmou72,False
tylermcbrien.bsky.social,Tyler McBrien,did:plc:6msn24c6e2rit7q3do445udt,False
mollyereynolds.bsky.social,Molly Reynolds,did:plc:hxpdqfw7xrplu3sda5vrmbt4,False
katherinepomps.bsky.social,Katherine Pompilio,did:plc:fammzy5o2wdksfw3u2qkls7m,False
ericcolumbus.bsky.social,Eric Columbus,did:plc:wufsdxzvzx36d7wppganbvpw,False
scottjshapiro.bsky.social,Scott Shapiro,did:plc:qpwqyr7hpaw2abkhak2ur77o,False
stevevladeck.bsky.social,Steve Vladeck,did:plc:nwnlnixtjh3qhkwpz2uy5uwv,False
qjurecic.bsky.social,Quinta Jurecic,did:plc:maiw2rfujepnphhrejytvuu5,False
nkorpett.bsky.social,,did:plc:ageci2q2mlvqllayextpxkj5,False
jkosseff.bsky.social,Jeff Kosseff,did:plc:4ppr4feitpgvwvxbkkdddbol,False
kschake.bsky.social,Kori Schake ,did:plc:al474m2wxdgnvvlghhlwqehs,False
elenachachko.bsky.social,Elena Chachko,did:plc:guqefinnjxknfb4rewmbl4qe,False
erinsikorsky.bsky.social,Erin Sikorsky,did:plc:kceh54r62i7cqri4pym6q3vr,False
secretsandlaws.bsky.social,Secrets and Laws,did:plc:fypr33v6gxusfibtdpqyar5a,False
marknevitt.bsky.social,Mark Nevitt,did:plc:i4jodu4wgqqsiwjmmf7rc24c,False
seamushughes.bsky.social,Seamus Hughes,did:plc:qyhkpmqrr4h3euha4uq4ilwx,False
keitnerlaw.bsky.social,Chimene Keitner,did:plc:cjx66fxei5mbdcl34vqpgurg,False
davidpriess.bsky.social,David Priess,did:plc:avjjtholszhsildy23rvzw3f,False
ncweaver.skerry-tech.com,Nicholas Weaver,did:plc:qpviqmyexowd5orod4utv34f,False
zittrain.bsky.social,Jonathan Zittrain,did:plc:og4dkp7yxaumwtwmfwe7otxw,False
orinkerr.bsky.social,Orin Kerr,did:plc:t4ajdi5kxxppgki47pgefvs3,False
jacklgoldsmith.bsky.social,Jack Goldsmith,did:plc:dzbxla5mysm72nzj7etu6wbc,False
walshfreedom.bsky.social,Joe Walsh,did:plc:tqbddflje6gou64cqm6fecmx,False
blueskyauthor.bsky.social,J. M. Venturini,did:plc:5w3zrzk7gtzle4aftwwm36fb,True
mariecrowley.bsky.social,Marie Crowley,did:plc:idrapktybakme5y2zm2uwj2m,True
itsallforshit.bsky.social,,did:plc:2xv3aapy47arqvj7mx6vmpsu,False
leathompson.bsky.social,Lea Thompson,did:plc:456tbfvgjg5zzvyaw4js6pak,False
pdxeleven.bsky.social,Tiffany Drastic,did:plc:5safoqv4vfqvl6jint33o2pk,True
sheldricktrust.bsky.social,Sheldrick Wildlife Trust,did:plc:rni3bcsx3xgtnjmfbyjeiwwl,False
baeeeeyay.bsky.social,,did:plc:oqfkpj7kc773ad53ofjxg2di,False
minnieelovesyou.bsky.social,Minnieü•∞,did:plc:z7ynrwpf3xiyk5w3wcobr5lv,False
tieingeek.bsky.social,Tie-In Geek-Fan Account,did:plc:g6k5r5wl6maahvegy5pzvxpn,False
redandlegs.bsky.social,,did:plc:xkp53i3vlnghzxaazqt6yv6w,False
monzocelebs.bsky.social,Monzo Celebs,did:plc:h7lf57yzdzlaxdvi6pks4yvf,False
secretcelebs.bsky.social,Hottest Celebs,did:plc:v67o2sxk67ejt2qx24alz5oc,False
thecelebhq.bsky.social,TheCelebHQ,did:plc:g7njdeaniivswanxbpgr2n2n,False
ndnsfw.bsky.social,ND,did:plc:2uux2cztpkhkkwbtpdfb3jej,False
celeblover97.bsky.social,Celeb Lover 97,did:plc:p7ayzitto2rwlcrpxtu76cxv,False
dutchsinner.bsky.social,Dutchsinner,did:plc:wklvndwzbhj7iiquwg5tbeky,False
nitecrxwlr.bsky.social,Nick üíã,did:plc:smvimiwzbkdgjdkqa5rlose7,False
therealhoarse.bsky.social,Hoarse Whisperer,did:plc:zbnwtqecwcyxoufqp7ddcztj,False
rufustsuperfly.bsky.social,Tom Reagan‚Äôs Hat,did:plc:hzsidnmraxkoje4h6q7cjmye,True
beatrizqueirooz.bsky.social,Beatriz Queiroz,did:plc:42benzd2u5sgxxdanweszno3,True
pkrugman.bsky.social,Paul Krugman,did:plc:vl7iw2awdpm72srjve3f4fj2,False
tealwarrior.bsky.social,TealWarrior,did:plc:2zslro3dkgmcbnbz5vqknuwj,True
beaglemom2024.bsky.social,Beagle Mom,did:plc:roigydzfxr36nzlcgzfek4f7,True
inkfreq.com,inkfreq,did:plc:b6trru5vutug5xvh626cq6nr,True
packmama.bsky.social,Pack Mama-Barbaraü´ò,did:plc:f3rfd3tu2zbe7xtiu65alnzz,True
ademocracy4all.bsky.social,Democracy4All,did:plc:ivqbnwyoooeq3bzn3m2vb5f4,False
grittypogonophile.bsky.social,,did:plc:adx7ssx4xmz5xteckwhpdasj,False
paulwagoner.bsky.social,Paul Wagoner,did:plc:ktssmcea2tiy2r3n5ydlfchm,True
lynnsations.bsky.social,,did:plc:2e6fnmxrcysue7eprjwtby6n,True
smeehan.bsky.social,,did:plc:ed77yczbris2ilfa2ytdq7kq,False
mikemil281.bsky.social,Mils281,did:plc:6txkdbggkawglsebtzbrouom,True
jaggedgt.bsky.social,Jagged,did:plc:hbormbyrz7zxas557gdenhio,False
holdurown.bsky.social,Dee,did:plc:yt7vku5zguaf3xp4nuedtpof,True
tmelange.bsky.social,Terry in CT,did:plc:e3ylvzaty75smgpdv62g7mto,False
tomwillard2020.bsky.social,,did:plc:6jh3i66kxiz7blrkl3gtvzin,False
brownsgirl1964.bsky.social,Kimberly Moore,did:plc:uxclv7bmbhtlp6bm4ysrizca,True
mel-o2.bsky.social,modoms,did:plc:574pd2ms7h3oot3otzetikyb,False
sarsjam.bsky.social,SARS,did:plc:pfliylcayl6h4a5kln55qi5x,False
k-a-t.bsky.social,,did:plc:6zqqncqkortsdjeutpsosh72,False
sarajuana.bsky.social,SarajuanaüóΩüîä,did:plc:obqlps3tb76g3awlrh3jqhts,False
retired-guy.bsky.social,Rosendo,did:plc:nuxm3f2gl5rhgsos2kw3bx4o,True
bludot87.bsky.social,King Jeremy the Wicked,did:plc:gbxy5w64cga7u3el3ivnkokc,True
bigwillie5.bsky.social,BigWillie,did:plc:7df6ovd5db5a4ny22iams76x,False
ca-native444.bsky.social,,did:plc:ktix7yvndhkwy54wm5f4awcw,False
nancytucker.bsky.social,Nancy Tucker,did:plc:tzevro3z6tshrwsjcnkuzntg,True
rootedinrope.bsky.social,Rootie Ropes,did:plc:hqyonuac6dv273g7saynetj3,False
nathanschelltv.bsky.social,ü¶ãNathan Schell üçÅ,did:plc:jvdv2xed2bncg6nfbmykpjdc,True
mattdos205.bsky.social,Matt Dos,did:plc:2twf5f2cohglikp6evt5w3gb,True
lesleylc.bsky.social,Lesley,did:plc:yu2mb2mrzmcngkvf2eqhmemv,False
chiplover.bsky.social,Chiplover,did:plc:bglyy35rzctederya5uhwd4c,False
undelulu.bsky.social,Undelulu12,did:plc:japmlvpv64lzj6yg7cegqfjl,True
goodtroublegirl.bsky.social,HereForGoodTrouble,did:plc:3o2rwi5vrkiuaplekmtvqyzz,True
crwillner.bsky.social,crwillner,did:plc:avbu5zbdddznvmz7yirercys,True
bravomektek.bsky.social,Bravomektek,did:plc:qhwv75dsv6ykpa746hnylt7z,True
lissenden.bsky.social,Kiersten Carlson,did:plc:pynxxmpzubao6aviym7m7p5c,False
dt-yoshi.bsky.social,Don Yoshida,did:plc:i6bwnujhjcsqk7auszepogt6,False
jdkahler.bsky.social,JDKahler,did:plc:a4mruem4f2ipbmmk6lwm5dn5,False
rhondadum.bsky.social,Rhonda D,did:plc:lzlst273otb7t6jt4md6kof2,False
elizamac22.bsky.social,elizamac,did:plc:eqjj56j4o5btk4nab2qdhb7i,False
okieblue.bsky.social,Linda Spaulding,did:plc:jc5qmyg6k37jzbmyw6adx576,False
bustydriver.bsky.social,‚≠êÔ∏èBustydriver‚≠êÔ∏è  9$   Onlyfans.com/bustydriver,did:plc:7i2agd656aqw3uy27ldc5nlf,False
clarabow2.bsky.social,,did:plc:fbtybdjdyfkfprqlanyb3azk,False
ok.onna.bike,Another Mike,did:plc:qzfasbl2bjorbahmrvtvfaqs,False
flowingfire.bsky.social,FlowingFire,did:plc:oml3ytrbycbqi3drmhngbtjv,True
grannakerri.bsky.social,,did:plc:d2gvsic43yndravwrlhrvtj3,False
humanfolly.bsky.social,,did:plc:l6jj3qhxe25jdvhn6p5ebhdw,False
frinkhutz.bsky.social,Brandon Harlan,did:plc:f2sqpqkydrtxs2qci7ffmjbm,True
darklorddemus.bsky.social,‡ªì‡∏Ñrk‰∏ª‡ªìƒì‡πì‡∏ô≈û‚ô•Ô∏èü§çüíôüíõüíúüß°üñ§üåè‚òÆ=üÜìÔ∏èüá∫üá¶,did:plc:boy4q5zma7ljon3f5iik7sic,True
jptahoe.bsky.social,,did:plc:inljoyjxthkgdria3gpmezwz,False
lindseynwichita.bsky.social,LindseyNWichita,did:plc:4z4xvtckmedm53sl2rqwawsg,True
algebrafrombith.bsky.social,Algebra Works,did:plc:trvyotjoo2gxopba2vnz2ckc,True
aneke60.bsky.social,,did:plc:qjnwyc2l3miwsnbbcr7r5mrf,False
myles5455.bsky.social,Myles üè≥Ô∏è‚Äçüåà,did:plc:o2wzrwikhjkmxtwt5pjnh5ua,True
hollydayz24.bsky.social,Penn,did:plc:fem75k76cxnjjdzlczsf56dg,False
thomasgiardino.bsky.social,Tom Garden,did:plc:lbczqsjhdnu6dritvjukb3mp,False
alam11.bsky.social,ALAM11,did:plc:ncgvebusn4fb4fqvfwbxp76h,False
tomzombie.bsky.social,Thomas,did:plc:s6crr7b4su6jtugth3ngrb3w,True
zofo032.bsky.social,Zofo,did:plc:jejhntqkxgtykntt4faa6lcn,True
freepeeper.bsky.social,,did:plc:lanl7fwla4xowi45webowtsa,False
patomasso4.bsky.social,PTomasso,did:plc:xkhamlvekde5la24cu262yec,True
thornus.swifties.social,Thornus Animator,did:plc:y6lkpvvzqdhfdbm2sqdm5zf3,True
satan.social,Satan.social,did:plc:uz7ywbg72abioapx2limroyr,False
bdelirious.bsky.social,bdelirious on Twitter; #Leguminati,did:plc:dmz4v56lfkbjgh5yniqa3ykl,True
el-raul.bsky.social,Khosro Ra√∫l Soleimani (he/him),did:plc:ko4ckdsaeuzrjkzurmn76atb,False
peaceseeker27.bsky.social,SoozieQ,did:plc:peq4o3hbcsbbpq7ib33krff6,True
drandreaj.bsky.social,THEE Doctora Jones,did:plc:v2zv22krpy3bjdj63m7edx4o,True
deborahbuck.bsky.social,Deborah Buck,did:plc:okm63gi7fxyr3id2bvwqfkih,True
expletivedeleted.bsky.social,Dave,did:plc:37o4oczi7kja6bsutbno3mcd,True
tinkertalley.bsky.social,Greg T,did:plc:oy4iuaq44josnlbem3ux6alp,False
crosswised.bsky.social,,did:plc:a6vegh6uwoychpdtpu4jvdz3,False
thomaspainesghost.bsky.social,Owl Capone,did:plc:uwk5gqda5s5t425jtktzssmy,True
sl81.bsky.social,,did:plc:sirsltkkcrsui37pk54smwh3,False
defence-blog.com,Defence Blog,did:plc:fkjvjrei3pr5u6rhcqsn77e3,False
bhumikatharoor.bsky.social,Bhumika Tharoor,did:plc:d6twkql2szuwngwb4c7tisp7,False
slaskow.bsky.social,Sarah Laskow,did:plc:tunl3s2r2dmnzgedcdifarfd,False
lilashroff.bsky.social,,did:plc:4pmwedjzshoyjx263x45ehde,False
sophiegilbert.bsky.social,Sophie Gilbert,did:plc:mtm2mybmilsty4oxk3rzwdpj,False
legsfrank.bsky.social,allegra frank,did:plc:nxjmjs3b5bn5zleyutgeyjqr,False
katherinehu.bsky.social,katherine hu,did:plc:aherzeoh3o33y7yatws3s4dx,False
chrisbeam.bsky.social,Chris Beam,did:plc:juz7w4e6x2k7zwpusrxuw2bp,False
ibogost.bsky.social,Ian Bogost,did:plc:znetc2lmsdhjm3mucjluttj5,False
matteowong.bsky.social,Matteo Wong,did:plc:5tq7poynbdl3zaeazyfdtu67,False
jenduende.bsky.social,jenduende,did:plc:2cvpomrtzdzd6vhc6sda6iwu,False
jennifersenior.bsky.social,Jennifer Senior,did:plc:lkrexoxfcjsl2cmljydekfcj,False
hana-kiros.bsky.social,Hana Kiros,did:plc:snh27hmiil3pnct6rwf7y3am,False
marystachyra.bsky.social,Mary Stachyra Lopez,did:plc:hw7cxqziwdvu7kyehdiuv5im,False
stossel.bsky.social,Scott Stossel,did:plc:gsiedp2qtc3g2iaefiadigd5,False
katecray.bsky.social,,did:plc:347tydwqslrskponwdvvv46i,False
kristenvbrown.bsky.social,Kristen V. Brown,did:plc:5xd4ip4p6ldt6q3aevmzr6sh,False
elainegodfrey.bsky.social,Elaine Godfrey,did:plc:ywixpoj6hi3kprstry5p3hzh,False
danteramos.bsky.social,Dante Ramos,did:plc:t3nvopq3rlzcplzzped6u5em,False
chatterton.bsky.social,Thomas Chatterton Williams,did:plc:ciswabq2ovnp4tzzu57q2x2e,False
annielowrey.bsky.social,Annie Lowrey,did:plc:evg3hzml7mdlma2kjmjsbejj,False
marinakoren.bsky.social,Marina Koren,did:plc:svdw2gblxo5c2xta64lzyjka,False
skornhaber.bsky.social,Spencer Kornhaber,did:plc:hc3uv4fbcsiaztnntlvnotwk,False
andrewaoyama.bsky.social,Andrew Aoyama,did:plc:notb7vetbtbjrfy7nf5edwyo,False
aminakilpatrick.bsky.social,,did:plc:bqolpai7zi6p4kzc3wle7euo,False
shirklesxp.bsky.social,Shirley Li,did:plc:4rk252wojuszpufbycy4jf7v,False
johnhendrickson.bsky.social,John Hendrickson,did:plc:smwduuoirvwdkmmbn7ujhtq5,False
mckaycoppins.bsky.social,McKay Coppins,did:plc:l7egqozmchudjc45gvjm5kdg,False
galbeckerman.bsky.social,Gal Beckerman,did:plc:zhotk4fmjc4affogsg2wyzbu,False
cwarzel.bsky.social,Charlie Warzel,did:plc:qnd2lqn52ernybdfonq4mc43,False
yair-rosenberg.bsky.social,Yair Rosenberg,did:plc:h55xdeboyjtatdos2hbgdzpf,False
dlb.bsky.social,Damon Beres,did:plc:jxtnw3qiuq4wtx7sggjbbvi3,False
sarahzhang.bsky.social,Sarah Zhang,did:plc:wrwxpghtfwx56ukjma2eymo5,False
evanmcmurry.bsky.social,Evan McMurry,did:plc:pmzxw77fwfa56xrn7un6muy5,False
dgraham.bsky.social,David A. Graham,did:plc:kiyv7vxcplepqxft4d6qd6zt,False
shaneharris.bsky.social,Shane Harris,did:plc:xs4iamrezoc5q7p5ei6lrgnn,False
zoeschlanger.bsky.social,Zo√´ Schlanger,did:plc:lun2uz5qzwzklxzud4myihvs,False
jeremygordon.bsky.social,Jeremy Gordon,did:plc:ydxwwmo2mx3mh7urcatqqajx,False
willgordon.bsky.social,Will Gordon,did:plc:l7noxvumti3zsgj7qsr5gc5q,False
giladedelman.bsky.social,Gilad Edelman,did:plc:g6sfezz7gouikv5mexydf5nr,False
rachgutman.bsky.social,Rachel Gutman-Wei,did:plc:n4m5dtamqihrcaknbt7e5dgr,False
kokogiak.bsky.social,Alan Taylor,did:plc:u5aphlyws5arjjp5upnxdvqh,False
saahildesai.bsky.social,Saahil Desai,did:plc:iudxbetstg2qav5tux2hqc7o,False
engber.bsky.social,Daniel Engber,did:plc:annmqsso5dg57hrz5jaxhri4,False
yappelbaum.bsky.social,Yoni Appelbaum,did:plc:uos55pw5gp3l7u2kowz6t6s2,False
adriennelaf.bsky.social,Adrienne LaFrance,did:plc:hyjaczl6rxalzhirftxtysuj,False
elcush.bsky.social,Ellen,did:plc:qor22lgfdriocxc2k4wm5ids,False
elisehannum.bsky.social,elise hannum,did:plc:2cq6nzutaqjyhfspbxdov7rv,False
olgakhazan.bsky.social,Olga Khazan,did:plc:ytgf2rbzfycdc6bncfqhfbn4,False
amyweissmeyer.bsky.social,Amy Weiss-Meyer,did:plc:zwe5qtvwax7rev6no7q2xrlm,False
shansquared.bsky.social,Shan Wang,did:plc:gaea5oy3sf2hf6svcw3lnk4p,False
rossandersen.bsky.social,Ross Andersen,did:plc:i57mu3ybqasg5rau3zptde3i,False
demon-daddy.bsky.social,Demon Daddy,did:plc:cx6nq66pzgh55gxnctdriegy,False
onlychicks.bsky.social,Only Chicks üî•,did:plc:lva2n3fipt642hf2ljbce3ud,False
cubicequation.bsky.social,Benny Zedrin,did:plc:iaao3qqvcyf7edmapoxlsanz,False
waxpackglam.bsky.social,Wax Pack Glam,did:plc:6aurizvdpxe5zbzii5d2iyxz,False
ankapurr22.bsky.social,Anna Purr üêà‚Äç‚¨õ,did:plc:uc5iiov36yfzgqjqq63vfmch,False
canariio-tf.bsky.social,Canariio-tf,did:plc:24n3cpgsd3eshz6bqe2bjifk,False
maestercelebs99.bsky.social,MaesterCelebs99,did:plc:4efnzxzomub5xxfwm2ojjosv,False
visualprovocateur.bsky.social,Visual Provocateur,did:plc:rwdsattydri5ahvvh2ozotgq,False
realjoshgad.bsky.social,Josh Gad,did:plc:uplua2ksdv4bfk3og4sifhvb,False
ditzkoff.bsky.social,Dave Itzkoff,did:plc:buy3qvqcj3o76leo6ap7pn2p,False
senatorshoshana.bsky.social,"Shoshana Weissmann, Sloth Committee Chair ü¶•",did:plc:rtopj6qyqxipxste4oppkudo,False
alyankovic.bsky.social,Al Yankovic,did:plc:jutmjylg2h4tpev7wrvy2ay3,False
minnesorta.bsky.social,minnesorta,did:plc:5algtnekqk37q2bexsco4rc7,False
shoq.bsky.social,Shoq,did:plc:hvwm6oxhn6wtawvztgudugvd,False
pwnallthethings.bsky.social,Pwnallthethings,did:plc:ovyajbnegrir2ddtwfhijiob,False
angiecoiro.bsky.social,Angie Coiro,did:plc:trdh5vfr662j4jec5mvnoosz,True
stuartpstevens.bsky.social,,did:plc:wir2oetdgfeccxrehfphllnc,False
rachelgilmore.bsky.social,Rachel Gilmore,did:plc:4yb2pjejfziah3eork7stm6j,False
loughy.bsky.social,Loughy (Fan and Appreciation Account),did:plc:bp767srmdbs2wppdsgbca7rh,False
stephycelebs.bsky.social,StephyCelebs,did:plc:id7ro5pms34x6uibspod2o5n,False
alyciaxcelebs.bsky.social,Dani,did:plc:26e6ahryukanrgwqua5dv53k,False
rockingwelsh.bsky.social,ùòæùôöùô°ùôöùôóùôïùô§ùô£ùôö,did:plc:q4dhj7jnmpyogusnai3va7c2,False
sykescharlie.bsky.social,Charlie Sykes,did:plc:7igkthfscmolwhaexyywmzqd,False
popovaprof.bsky.social,Maria Popova,did:plc:wvtwsjgvhu6ppzhbclzd6y76,False
eroticsally.bsky.social,Sally Franklin,did:plc:istxp73njgbgqngwprqtekup,True
retrosexy.bsky.social,Retro Sexy,did:plc:6rwlvmb6hrz7nst54lpqrbbi,False
69shadesofegg.bsky.social,Andrew Smith,did:plc:5sjsydv2oamteyi4xpy3tjph,False
smokincelebs.bsky.social,Smokin Celebs,did:plc:jsedoeltnxmkecyx7if5p2xe,False
agelesssbeauty.bsky.social,They Are Beautiful,did:plc:cqru3cmlzbhq4choeoa6n6ia,False
yoshikoherrera.bsky.social,Yoshiko Herrera,did:plc:bmmnyqfq2mlazwtfquxk6ww2,False
roastmalone.bsky.social,Stoned cold fox ,did:plc:twjswemlrrh72f6pfggkzk6p,False
michaelemann.bsky.social,Michael E. Mann,did:plc:mpoxsaax7r5rs2tgeh56nqhn,False
garrykasparov.bsky.social,Garry Kasparov,did:plc:xgy5sfmxjpqfamiqskpj3q74,False
meidastouch.bsky.social,MeidasTouch,did:plc:xjc7mkotpenvhh6ffewkdpyn,False
krispowers.bsky.social,Kris Powers,did:plc:v452jaorvhbwrnrlljiirvci,True
antitrump-antifa.bsky.social,AntiTrump_Jan6 ü••üå¥,did:plc:7hkmirfjrwkq5pydhmpvplea,True
chqm8.bsky.social,Gracie_the_Chiweenie,did:plc:732isr4rspspsyjhjpvxdmep,True
veryhot.bsky.social,Pictures of beauty,did:plc:2ptarcyy77jnid466bsrwkxo,True
pixiestyxunicorn.bsky.social,PixieStyx,did:plc:nccwgxqg6rb6kx5uqfvq7qyi,False
beautifulcelebs88.bsky.social,Beautiful Celebs,did:plc:dwd3ym6eemqoucinonqsitve,False
celebpump33.bsky.social,,did:plc:h2ju42ljngdhthgwnduhst3a,False
redheadlover168.bsky.social,Boob Lover,did:plc:xaujk33jhlz7izm6sdkhp72q,False
intoxgoonette.bsky.social,GoonetteFriend,did:plc:pmwwnbesjebaqbvwupqcybol,False
ukhotties.bsky.social,UKHotties,did:plc:wjetw5uew4tmefnaxrnduizz,False
taylorlorenz.bsky.social,Taylor Lorenz,did:plc:wo3lxbcfvdptzxyvq3qt2rgj,False
imronijames.com,Roni James,did:plc:qpbhtkbi2ium63l7j2fmusge,False
annabower.bsky.social,Anna Bower,did:plc:t4x2ruk2qmob2b2cx55h4v7r,False
maddow.bsky.social,Rachel Maddow,did:plc:bono5gae7m6r3qpfxomshwbd,False
lincolnproject.bsky.social,The Lincoln Project,did:plc:cxrua73vvgqw4lel4nkccky7,False
carlysgrowingtbr.bsky.social,Carlysgrowingtbr üá≤üáΩ,did:plc:7jg3zlcj7f7y6vt6nyiymu6k,False
smbrnsn.bsky.social,Sam Brunson,did:plc:esd3kwhloxi7xsnwvzspx7j7,False
gneppikx.bsky.social,Gneppikx,did:plc:jza23jtqzptfbxzngbvygkad,False
adamkinzinger.bsky.social,Adam Kinzinger,did:plc:tsksqpjisdvtusxq6ide5tzj,False
katzonearth.bsky.social,Jonathan M. Katz,did:plc:ieluoyrr7apgy6rw3uo5zk3v,False
tadvish.bsky.social,Ian,did:plc:yc4y2gqlumiffncaf5sm6sqz,False
andrech.bsky.social,soft sub ü§èüçÑ‚ô•Ô∏è‚ô®Ô∏èüíÉüèªüíÑ‚ôÄÔ∏è‚ôÄÔ∏è,did:plc:pc7bfdlkynba6o4cyzkbeu3e,False
albane.bsky.social,Albane  üí¶,did:plc:nx4di4wtcofnhkbap3l4l6pn,False
julielenas.bsky.social,üåà Julie ‚ö¢,did:plc:cquwf7e3j2yvxvx6cjsf343w,False
egirlenjoyer.bsky.social,Rahhhhhhh,did:plc:brg7fqx5xvc3pxbdbzjwihqo,False
adamserwer.bsky.social,Adam Serwer,did:plc:lzlqyldh7nfc34pfffvd24ko,False
devincow.bsky.social,DevinCow,did:plc:57mmpdc7wwskw45mhpkh7g6h,False
mrjoncryer.bsky.social,Jon Cryer,did:plc:dc7hahfvdre6baxdjs65icls,False
muellershewrote.bsky.social,"Mueller, She Wrote",did:plc:x4g4laxkmsrczwvnvbbgsm7g,False
andyrichter.co,Andy Richter,did:plc:uvnsaojku6unlw3zuhyt4lzp,False
aaronparnas.bsky.social,Aaron Parnas,did:plc:ezxfbsdjjylaoagv5bvz7sqb,False
markhamillofficial.bsky.social,Mark Hamill,did:plc:xyddpg6usmgh2t2jgf4e37yk,False
drbishnujee.bsky.social,Dr Bishnujee Singh,did:plc:3khnsa2zf5afzl7b5q3inyyd,True
briantylercohen.bsky.social,Brian Tyler Cohen,did:plc:vocg5apjrlm7dfptvy6qbrfy,False
hazeljade.bsky.social,Hazel,did:plc:jm3o7c4fly67w6kcbkrm6t2c,False
katiephang.bsky.social,Katie Phang,did:plc:2hltimymy65zl5ba7ifsq3qr,False
sharpieshark.bsky.social,Sharpie Shark,did:plc:js6u53ihp5lpdmowuonnasm4,False
madeleineblair.bsky.social,Sex Worker Writes ‚Ä¢ Madeleine Blair,did:plc:26gyq2ufcswggf5yb5ol5r33,False
jessicavanmeir.bsky.social,Jessica Van Meir ü©µ,did:plc:vfvsq4k5ncdbm3iqoejkmd5o,False
florencewilde.bsky.social,Florence Wilde,did:plc:mwtibha6ssg7wnh4thqgm6wa,False
suttonsommers.bsky.social,Sutton Sommers | MEL 25-28 Nov,did:plc:dotvwywue5tu2jmx3o24nnbe,False
roostervance.bsky.social,Rooster Vance,did:plc:pb6mherfwtppw6kqdhtyrjjc,False
benstiller.redhour.com,Ben Stiller,did:plc:dn3rdkitri7stin5whcviabj,False
bondmindy6002.bsky.social,Name‚Äôs Bond‚Ä¶Ms Bond 22üíô,did:plc:jo3sbjuf6q6sexvsawqmcngg,True
davidcorn.bsky.social,David Corn,did:plc:mtr3pwmbnirvyp3robuicd57,False
carnage4life.bsky.social,Dare Obasanjo,did:plc:57vlzz2egy6eqr4nksacmbht,False
scottsantens.com,Scott Santens,did:plc:weypikbrwodr2fsanloqjx6s,False
martinjones.bsky.social,Martin Jones,did:plc:izncc4kem22rpcctfi2cx4gs,False
minetodo.bsky.social,Cynthia Johnson,did:plc:f2wfv5pxxmyajeoq57xe5mbe,False
gazza.bsky.social,Gary Evans,did:plc:z2umejgn6evsijrr4qgk4tfa,False
marcusandreasdc.bsky.social,Mark Schaefer,did:plc:375myknrwq4jiysz5myu7adg,False
cspenn.com,Christopher Penn,did:plc:bif27oqemlzs2wmcf4taeuwm,False
ottlegalrebels.bsky.social,Marc-Roger Gagn√© MAPP,did:plc:orxfnrzvaq6sykhklw4g6bxl,False
teapainusa.bsky.social,Tea Pain,did:plc:lketznefk3fy6cfcn33r5vr3,False
amazingna.bsky.social,Amazing nature,did:plc:fl3v6pzkn4xyjhlhxkk2yrrs,False
donlemonofficial.bsky.social,Don Lemon,did:plc:zjyka2hw5k7ztbjmjyjlxpqe,False
alyssamilano.bsky.social,Alyssa Milano,did:plc:b4hjuzm7y7ow4rmypwmug4ce,False
jojofromjerz.bsky.social,JoJoFromJerz,did:plc:neno2ingf4j4rs2fof4giall,False
georgehahn.com,George Hahn,did:plc:3qptukurts456t6ug7me4o62,False
emmacurtis.bsky.social,Emma Curtis,did:plc:g3rokrkfjd2ern3ven6sbxlj,False
yasharali.bsky.social,Yashar Ali üêò,did:plc:t46sqvutibvsmjgwn6r6izve,False
meiselasb.bsky.social,Ben Meiselas,did:plc:foafuj4pniinyhiev4djp52r,False
glennkirschner.bsky.social,Glenn Kirschner,did:plc:ixrpftufwo4sotnetoovdebz,False
ruthbenghiat.bsky.social,Ruth Ben-Ghiat,did:plc:4aeruxx4muee4e3y5snjqp5b,False
thetnholler.bsky.social,The Tennessee Holler ,did:plc:5o6k7jvowuyaquloafzn3cfw,False
emmybetz.bsky.social,"Emmy Betz, MD, MPH",did:plc:psqpperofdvvsbqgxibl77tj,False
nytpitchbot.bsky.social,Pitchbot,did:plc:ny5mscvguz4r636nekozpqac,False
chrislhayes.bsky.social,Chris Hayes,did:plc:e62gb2ushvtvjvqcbrxeaw2n,False
georgetakei.bsky.social,George Takei,did:plc:y4zs4cabaezzwx3bz2e5nnj2,False
pattonoswalt.bsky.social,Patton Oswalt,did:plc:bwvd55e4hsxpuxa5ikrfgqgo,False
sethabramson.bsky.social,Seth Abramson,did:plc:vpfavbhwv4okwh6ydgp5uxf6,False
gtconway.bsky.social,George Conway,did:plc:4lx6nur5wstwoc4wtgj56kyu,False
therickwilson.bsky.social,Rick Wilson,did:plc:4j7ut6aphnjqqihiugmyvy5i,False
adipolak.bsky.social,Adi Polak,did:plc:s43sdwqdzsg6eut52bcdp4wu,False
bmeiselas.bsky.social,Brett Meiselas,did:plc:evqpzdjx7lzdpc3vp5rxwpkk,False
jaketapper.bsky.social,"Jake Tapper, long-suffering Philly sports fan",did:plc:upkgvxvhn4ebia3arqy4ru65,False
time.com,TIME,did:plc:omofselcxdbcjhkc4235ygyl,False
npr.org,NPR,did:plc:ln72v57ivz2g46uqf4xxqiuh,False
timmiller.bsky.social,Tim Miller,did:plc:4w3nwmmuwuz3jchs6kh6ai2e,False
jvl.bsky.social,Jonathan V. Last,did:plc:pn4oj3qoo5iw6vmvwgbg3d43,False
saletan.bsky.social,Will Saletan,did:plc:qoig3fjqoizxnthcl4ejxbre,False
lawfare.bsky.social,Lawfare,did:plc:bj6a7q7sbqu2vil6bviysjgg,False
josteinh.bsky.social,Jostein Henriksen,did:plc:typtgbxuwib6ys26rwb7pauw,False
jtomlin.bsky.social,J L Tomlin,did:plc:adjn45p2m42dylflqxig5wn3,False
infidale.bsky.social,InfiDale ‚ö°Ô∏è,did:plc:bo4hinsc5lppcbx5agvpfcwk,False
darkmarilynm.bsky.social,Marilyn Monroe‚Äôs Ghost üí®üíÉ‚ú®,did:plc:ftbc3d7gkqf76exernitmcyb,True
theskeptibrarian.bsky.social,TheSkeptibrarian,did:plc:z7m3666vox2ukdflmlacvj6v,False
mcuban.bsky.social,Mark Cuban,did:plc:y5xyloyy7s4a2bwfeimj7r3b,False
bencollins.bsky.social,Tim Onion,did:plc:x4qyokjtdzgl7gmqhsw4ajqj,False
theatlantic.com,The Atlantic,did:plc:nyxviptfyic2lvuorkr5yy3y,False
ronfilipkowski.bsky.social,Ron Filipkowski,did:plc:t6ubj2wlhc34awzcymh3qpur,False
financialtimes.com,Financial Times,did:plc:5u54z2qgkq43dh2nzwzdbbhb,False
atrupar.com,Aaron Rupar,did:plc:4llrhdclvdlmmynkwsmg5tdc,False
justsecurity.org,Just Security,did:plc:a74tjogmmhz5w2skcog54ssv,False
washingtonpost.com,The Washington Post,did:plc:k5nskatzhyxersjilvtnz4lh,False
mollyjongfast.bsky.social,Molly Jong-Fast,did:plc:oqr5mp25r7z3vfr3igeerxbw,False
kevinmkruse.bsky.social,Kevin M. Kruse,did:plc:cnpe7qvcyjrhm6w7w7e4atur,False
kurtandersen.bsky.social,Kurt Andersen,did:plc:xjhfiz2wdltbcok4mxacm5bd,False
theproblem.bsky.social,The Problem With Jon Stewart,did:plc:bwtxbgpww7odkrpf6qf35c3y,False
benjaminwittes.bsky.social,Benjamin Wittes,did:plc:snbbshdgooh6o34iu4m34cgp,False
thebulwark.bsky.social,The Bulwark,did:plc:aunpu65mdrhwfie7ynymlzeh,False
anneapplebaum.bsky.social,Anne Applebaum,did:plc:lafbr3dznxdyvgup2umwssht,False
radiofreetom.bsky.social,Tom Nichols,did:plc:kbmf4lv4o6uvuvrfzpw2jbhj,False
kenwhite.bsky.social,Domestic Enemy Hat,did:plc:s6j27rxb3ic2rxw73ixgqv2p,False
davidfrum.bsky.social,David Frum,did:plc:bf4lpnw2sqnezixt3k7xqxfj,False
bsky.app,Bluesky,did:plc:z72i7hdynmk6r22z27h6tvur,False
